{
  "config": {
    "n_rbf": 1600,
    "seed": 1,
    "lambda_rbf": 0.001,
    "lambda_poly": 1.0,
    "gamma": 1.0,
    "n_knn": 5,
    "n_init": 1,
    "n_ic": 8,
    "ic_rng_seed": 0,
    "dt": 0.005,
    "T": 50.0,
    "rel_err_poly": 8.398214305988048e-05,
    "rel_err_rbf": 0.006862791233641787,
    "X_std_climate": 8.50804243201799,
    "lyapunov_l63": 0.906,
    "horizon_frac": 0.5
  },
  "horizons_seconds": {
    "poly": [
      9.43,
      8.505,
      8.745000000000001,
      9.545,
      7.925,
      9.01,
      7.065,
      7.165
    ],
    "rbf": [
      3.41,
      4.705,
      3.6,
      5.23,
      6.235,
      5.245,
      3.9450000000000003,
      4.68
    ],
    "poly_median": 8.625,
    "rbf_median": 4.6925,
    "poly_median_lyap": 7.814250000000001,
    "rbf_median_lyap": 4.251405
  },
  "wasserstein_1": {
    "poly": [
      0.06265142296991785,
      0.08326528235154097,
      0.13037589935135377
    ],
    "rbf": [
      1.0244215953927642,
      1.0411563199888278,
      0.3180506065604081
    ]
  },
  "vector_field_residual_cloud": {
    "poly_median": 0.002132555292818565,
    "poly_p90": 0.0048016152345354566,
    "rbf_median": 0.21499002742837,
    "rbf_p90": 0.9603071444796822
  },
  "symmetry_residual_relative": {
    "rbf_median": 0.002765883265058936,
    "rbf_p90": 0.014318938307655104,
    "truth_median": 0.0
  },
  "step_halving_max_diff_2s": {
    "poly": 3.5744976393326436e-05,
    "rbf": 8.859574676544214e-05
  }
}