{
  "config": {
    "models_dir": "results/LOR63/step1_nrbf_sweep/models",
    "z_slices": [
      0.0,
      27.0,
      -27.0
    ],
    "grid_n": 180,
    "grid_half_width": 30.0,
    "shell_r_grid": [
      0.2,
      0.4,
      0.6,
      0.8,
      1.0,
      1.2,
      1.5,
      2.0,
      2.5,
      3.0,
      4.0,
      5.0
    ],
    "n_sphere": 300,
    "dead_zone_thresh": 0.001,
    "sigma_attr": 8.50804243201799,
    "x_centroid": [
      -0.1183482409567854,
      -0.12066602277090187,
      23.57930580412077
    ],
    "f_truth_mean_mag": 97.23392561014496,
    "dead_zone_eps_abs": 0.09723392561014496
  },
  "truth": {
    "shell_R": [
      0.2,
      0.4,
      0.6,
      0.8,
      1.0,
      1.2,
      1.5,
      2.0,
      2.5,
      3.0,
      4.0,
      5.0
    ],
    "R_mean": [
      -7.752113171598245,
      -15.50429713721947,
      -23.256481102840695,
      -31.008665068461923,
      -38.76084903408315,
      -46.51303299970438,
      -58.14130894813621,
      -77.52176886218928,
      -96.90222877624234,
      -116.28268869029543,
      -155.04360851840156,
      -193.80452834650765
    ],
    "R_inward_frac": [
      0.5766666666666667,
      0.6233333333333333,
      0.6533333333333333,
      0.67,
      0.7033333333333334,
      0.72,
      0.7333333333333333,
      0.75,
      0.78,
      0.8,
      0.8166666666666667,
      0.8233333333333334
    ],
    "mag_mean": [
      64.51504390445363,
      69.0617649692045,
      75.80118511935568,
      84.30501241930965,
      94.49387970583015,
      106.52000014547586,
      128.6020034193493,
      177.01041629489052,
      237.96548665604166,
      310.53161413287665,
      489.9493438274549,
      715.439344548169
    ]
  },
  "models": [
    {
      "n_rbf": 5,
      "R_esc": 0.5539094092685009,
      "R_mean": [
        1.6913795321926228,
        3.3000254929727726,
        4.746888843755914,
        5.9587361145349105,
        6.871287307614636,
        7.431833703956549,
        7.5318340043562015,
        5.616894320420269,
        1.3553590808210416,
        -4.438718717535661,
        -15.958246946785138,
        -21.24845066702436
      ],
      "R_inward_frac": [
        0.4666666666666667,
        0.43666666666666665,
        0.4066666666666667,
        0.39,
        0.37666666666666665,
        0.35333333333333333,
        0.42,
        0.49666666666666665,
        0.47,
        0.5266666666666666,
        0.6533333333333333,
        0.71
      ],
      "rbf_mag_mean": [
        97.63914547583425,
        93.02771368913582,
        85.84000940313005,
        76.86682663024641,
        67.29220333190182,
        58.771913001742526,
        53.48525300880381,
        68.07642663561278,
        96.3549655419105,
        118.10144368583302,
        125.70305163810103,
        100.66538836378295
      ],
      "dead_frac": [
        0.0,
        0.0,
        0.0,
        0.0,
        0.0,
        0.0,
        0.0,
        0.0,
        0.0,
        0.0,
        0.0,
        0.0
      ],
      "shell_R": [
        0.2,
        0.4,
        0.6,
        0.8,
        1.0,
        1.2,
        1.5,
        2.0,
        2.5,
        3.0,
        4.0,
        5.0
      ]
    },
    {
      "n_rbf": 20,
      "R_esc": Infinity,
      "R_mean": [
        -4.075146478057002,
        -8.126858217987863,
        -12.041775841082003,
        -15.588469048311897,
        -18.469028376900756,
        -20.424528090621482,
        -21.413865580221657,
        -19.16931731016725,
        -15.643308973696067,
        -12.854786890858113,
        -7.937252868373319,
        -3.9026777424068375
      ],
      "R_inward_frac": [
        0.53,
        0.5433333333333333,
        0.5633333333333334,
        0.57,
        0.5666666666666667,
        0.5833333333333334,
        0.5633333333333334,
        0.5366666666666666,
        0.52,
        0.5166666666666667,
        0.6366666666666667,
        0.7166666666666667
      ],
      "rbf_mag_mean": [
        60.68378071004857,
        61.80102225726286,
        63.13535478167381,
        64.10041144441779,
        64.38830672760656,
        64.37475515585214,
        66.56588734138423,
        80.67710525147938,
        93.67004550521494,
        95.47799258917203,
        70.6911272000152,
        37.734447901190315
      ],
      "dead_frac": [
        0.0,
        0.0,
        0.0,
        0.0,
        0.0,
        0.0,
        0.0,
        0.0,
        0.0,
        0.0,
        0.0,
        0.0
      ],
      "shell_R": [
        0.2,
        0.4,
        0.6,
        0.8,
        1.0,
        1.2,
        1.5,
        2.0,
        2.5,
        3.0,
        4.0,
        5.0
      ]
    },
    {
      "n_rbf": 100,
      "R_esc": 3.889747994536142,
      "R_mean": [
        -9.469189063145068,
        -15.88981016133901,
        -18.77541534716174,
        -19.561652534820592,
        -19.329575688348235,
        -18.176518006446983,
        -15.049521228195498,
        -9.606748831960934,
        -5.137579890421056,
        -2.0785931603507857,
        0.2575662613227986,
        0.016015584355773008
      ],
      "R_inward_frac": [
        0.58,
        0.63,
        0.6466666666666666,
        0.6366666666666667,
        0.62,
        0.5966666666666667,
        0.5466666666666666,
        0.4766666666666667,
        0.44333333333333336,
        0.44333333333333336,
        0.48333333333333334,
        0.5233333333333333
      ],
      "rbf_mag_mean": [
        67.33773492125171,
        66.7776857506654,
        63.90977637443333,
        59.325778791880765,
        54.302139393928364,
        49.64392683526579,
        44.66234269571406,
        47.54838722956122,
        53.848156545766884,
        52.99533214132323,
        15.990649555992656,
        0.6423533010975985
      ],
      "dead_frac": [
        0.0,
        0.0,
        0.0,
        0.0,
        0.0,
        0.0,
        0.0,
        0.0,
        0.023333333333333334,
        0.10333333333333333,
        0.3466666666666667,
        0.71
      ],
      "shell_R": [
        0.2,
        0.4,
        0.6,
        0.8,
        1.0,
        1.2,
        1.5,
        2.0,
        2.5,
        3.0,
        4.0,
        5.0
      ]
    },
    {
      "n_rbf": 800,
      "R_esc": Infinity,
      "R_mean": [
        -5.836879592062158,
        -8.795995384580749,
        -9.694046325669417,
        -10.290499694436589,
        -10.67450284234036,
        -10.531148469084123,
        -8.942585469081711,
        -5.260488869222073,
        -1.8653889826876329,
        -0.5101065492790713,
        -0.1268979022665863,
        -0.008424795686370034
      ],
      "R_inward_frac": [
        0.5733333333333334,
        0.5866666666666667,
        0.5966666666666667,
        0.5866666666666667,
        0.61,
        0.6,
        0.6133333333333333,
        0.5433333333333333,
        0.5066666666666667,
        0.5433333333333333,
        0.5733333333333334,
        0.6266666666666667
      ],
      "rbf_mag_mean": [
        64.4267447515965,
        53.918243854925954,
        39.665748390135725,
        31.679455448089485,
        27.841079287666275,
        24.412507203144894,
        20.10705990095445,
        18.9065723624269,
        22.976311562807712,
        27.51090455000199,
        12.107527332630557,
        0.1377524843532067
      ],
      "dead_frac": [
        0.0,
        0.0,
        0.0,
        0.0,
        0.12333333333333334,
        0.2,
        0.27666666666666667,
        0.34,
        0.42333333333333334,
        0.51,
        0.72,
        0.92
      ],
      "shell_R": [
        0.2,
        0.4,
        0.6,
        0.8,
        1.0,
        1.2,
        1.5,
        2.0,
        2.5,
        3.0,
        4.0,
        5.0
      ]
    },
    {
      "n_rbf": 3200,
      "R_esc": Infinity,