{
  "n_rbf_axis": [
    20,
    50,
    100,
    200
  ],
  "lambda_rbf_axis": [
    0.1,
    0.3,
    1.0,
    3.0,
    10.0
  ],
  "seeds": [
    0,
    1,
    2,
    3,
    4
  ],
  "lambda_poly": 1.0,
  "n_total_fits": 100,
  "n_cells_full_pass": 10,
  "n_cells_partial": 1,
  "n_cells_total": 20,
  "pass_fraction_grid": [
    [
      0.0,
      0.0,
      0.0,
      1.0,
      1.0
    ],
    [
      0.0,
      0.0,
      0.8,
      1.0,
      1.0
    ],
    [
      0.0,
      0.0,
      1.0,
      1.0,
      1.0
    ],
    [
      0.0,
      0.0,
      1.0,
      1.0,
      1.0
    ]
  ],
  "quad_only_pass": true,
  "quad_only_max_rel_err": 0.0002305874014689735,
  "qj_median_rel_diff": 0.0,
  "qj_max_rel_diff": 0.0,
  "lorenz_coeff_recovery": {
    "truth": {
      "sigma": 10.0,
      "rho": 28.0,
      "beta": 2.6666666666666665
    },
    "passing_cells": {
      "sigma_abs_err": {
        "n": 54,
        "min": 0.0001313404750682423,
        "max": 0.0001313404750682423,
        "median": 0.0001313404750682423
      },
      "rho_abs_err": {
        "n": 54,
        "min": 0.0011733314866972933,
        "max": 0.0011733314866972933,
        "median": 0.0011733314866972933
      },
      "beta_abs_err": {
        "n": 54,
        "min": 8.651427391237476e-05,
        "max": 8.651427391237476e-05,
        "median": 8.651427391237476e-05
      }
    },
    "failing_cells": {
      "sigma_abs_err": {
        "n": 46,
        "min": 0.00013134047505758417,
        "max": 0.00013134047505758417,
        "median": 0.00013134047505758417
      },
      "rho_abs_err": {
        "n": 46,
        "min": 0.001173331486675977,
        "max": 0.001173331486700846,
        "median": 0.0011733314866884115
      },
      "beta_abs_err": {
        "n": 46,
        "min": 8.651427391193067e-05,
        "max": 8.651427391415112e-05,
        "median": 8.651427391370703e-05
      }
    }
  }
}