{
  "config": {
    "n_rbf": 3200,
    "alpha": 1.0,
    "dt": 0.005,
    "T_overlay": 10.0,
    "off_cloud_distance": 3.0,
    "sigma_attr": 8.50804243201799,
    "x_centroid": [
      -0.1183482409567854,
      -0.12066602277090187,
      23.57930580412077
    ]
  },
  "metrics": {
    "knn_rbf": {
      "T_ph_median": 3.8425000000000002,
      "T_ph_min": 2.115,
      "T_ph_max": 5.8,
      "fin_count": 0,
      "n_ic": 8,
      "w1": [
        0.6877764375718626,
        0.6917931867220749,
        0.25490534216480326
      ],
      "R_abs": 0.6915254237288135
    },
    "attr_rbf": {
      "T_ph_median": 5.905,
      "T_ph_min": 3.54,
      "T_ph_max": 8.02,
      "fin_count": 0,
      "n_ic": 8,
      "w1": [
        0.19896800689231103,
        0.20857283602676535,
        0.38007044548838337
      ],
      "R_abs": 0.2983050847457627
    },
    "knn_linrbf": {
      "T_ph_median": 5.225,
      "T_ph_min": 3.4450000000000003,
      "T_ph_max": 7.18,
      "fin_count": 0,
      "n_ic": 8,
      "w1": [
        0.19936394297569862,
        0.23823054797247417,
        0.1833205346643386
      ],
      "R_abs": 0.2983050847457627
    },
    "attr_linrbf": {
      "T_ph_median": 3.6625,
      "T_ph_min": 2.095,
      "T_ph_max": 7.6000000000000005,
      "fin_count": 0,
      "n_ic": 8,
      "w1": [
        0.21436819594795845,
        0.20824319934124014,
        0.09202806288564275
      ],
      "R_abs": 0.2983050847457627
    }
  },
  "linear_block_recovery": {
    "knn_linrbf": {
      "sigma_hat": 9.986659222141586,
      "rho_hat": 5.741758418005915,
      "beta_hat": 2.632370959202111,
      "kappa_final": 8797.67509899022,
      "nnz_poly": 4,
      "nnz_rbf": 3200,
      "collin_stats": {
        "n_active": 3200,
        "min": 0.04157128163123435,
        "median": 0.1295643998851435,
        "max": 0.2748338008741208,
        "frac_gt_0.5": 0.0
      }
    },
    "attr_linrbf": {
      "sigma_hat": 9.829645010424949,
      "rho_hat": -4.832666367860202,
      "beta_hat": 1.268600864999427,
      "kappa_final": 1.1094305493076451e+17,
      "nnz_poly": 4,
      "nnz_rbf": 3200,
      "collin_stats": {
        "n_active": 3200,
        "min": 0.696384315155076,
        "median": 0.85772156245838,
        "max": 0.9434777256629396,
        "frac_gt_0.5": 1.0
      }
    }
  },
  "lyapunov": {
    "R_sigma": [
      0.2,
      0.2303273739264226,
      0.2652534958992105,
      0.30547570567634125,
      0.35179708543376237,
      0.4051424942146391,
      0.46657703379229337,
      0.5373273146387934,
      0.6188059465984495,
      0.7126397432503748,
      0.8207022030922942,
      0.9451509160693885,
      1.0884706423120742,
      1.2535229231987328,
      1.443603215284684,
      1.662506687841307,
      1.914603997728015,
      2.2049285545286206,
      2.5392770182998,
      2.924325036483547,
      3.3677605308027263,
      3.8784371953642363,
      4.46655127073402,
      5.143845123479463,
      5.923841695876297,
      6.822114506835166,
      7.856598594923479,
      9.047948611813732,
      10.419951215901387,
      12.000000000000002
    ],
    "truth": {
      "max": [
        41413.45793670544,
        41485.071325840225,
        41558.72472671942,
        41631.85005617692,
        41700.55100502596,
        41759.09532687399,
        41799.23020244649,
        41809.26124502998,
        41772.81606188517,
        41667.187185006565,
        41461.114521793905,
        41144.948407371245,
        40731.161268821794,
        40159.1145053763,
        39421.984614750196,
        38411.70089757268,
        37027.942102913905,
        35302.8580771822,
        33113.72827966746,
        30148.53640553218,
        26144.70441317746,
        20752.562107229332,
        13506.716252572922,
        3788.0456762912,
        -9226.741034055307,
        -26632.04886397069,
        -49551.24433374629,
        -78997.30442530452,
        -118047.54505181327,
        -169835.02620545728
      ],
      "mean": [
        40151.66424711631,
        39952.227705235484,
        39687.721441415546,
        39336.91531176796,
        38871.6524653944,
        38254.58938492604,
        37436.19857575177,
        36350.793330176806,
        34911.25550135777,
        33002.043121276656,
        30469.91663179573,
        27111.639386424733,
        22657.665225721514,
        16750.503838943026,
        8916.027446667722,
        -1474.584213042271,
        -15255.315012064762,
        -33532.25064733345,
        -57772.3566188658,
        -89921.22157512957,
        -132559.216483174,
        -189108.60345788172,
        -264108.2174672453,
        -363577.76774566504,
        -495500.99891156564,
        -670466.4918455486,
        -902517.5370564862,
        -1210279.2940893166,
        -1618453.7063925737,
        -2159802.158292677
      ],
      "frac_neg": [
        0.0,
        0.0,
        0.0,
        0.0,
        0.0,
        0.0,
        0.0,
        0.0,
        0.0,
        0.0,
        0.0,
        0.0,
        0.08666666666666667,
        0.215,
        0.335,
        0.435,
        0.53,
        0.6216666666666667,
        0.695,
        0.7866666666666666,
        0.8483333333333334,
        0.915,
        0.9616666666666667,
        0.9916666666666667,
        1.0,
        1.0,
        1.0,
        1.0,
        1.0,
        1.0
      ]
    },
    "knn_rbf": {
      "max": [
        40401.61380409797,
        40553.14691983117,
        40653.82575674393,
        40877.37977052094,
        41038.84819674716,
        40985.86970739329,
        42017.702955446686,
        42078.00748895414,
        41435.39380119841,
        40964.82800230168,
        40951.6092563902,
        41092.83065985311,
        40603.65136124119,
        39364.32386035324,
        34095.64813036408,
        27060.068246463547,
        18294.43390003666,
        12471.565180454529,
        4132.677479398299,
        282.99245472456676,
        6.14105108283627,
        0.08220288000483977,
        9.843200387082626e-06,
        9.727481273251396e-11,
        5.849991294960778e-22,
        1.8499879413584527e-34,
        5.4984645292612775e-47,
        6.006879842931095e-71,
        2.698265156273574e-112,
        3.44880680018339e-165
      ],
      "mean": [
        25581.109141431854,
        26662.493515877577,
        26507.599772131533,
        24986.69619155393,
        22467.88355129498,
        19622.48545743221,
        16954.790245983426,
        14587.112636766327,
        12505.740686301644,
        10691.492598370078,
        9033.591890403704,
        7443.985335636278,
        5724.919763829906,
        3801.835162868351,
        2193.4952024802224,
        1022.1566488608695,
        -141.26680292954381,
        -1053.0335011491268,
        -2249.6926750831617,
        -3826.2993373658655,
        -5491.442643134889,
        -3877.7703065777537,
        -139.52617708901224,
        -0.05435277120257432,
        -3.435001450204315e-08,
        -1.589434627381366e-18,
        -9.492058537232186e-35,
        -3.9041661681723113e-59,
        -8.96151228883665e-95,
        -8.22245667456029e-146
      ],
      "frac_neg": [
        0.0,
        0.0,
        0.0,
        0.0,
        0.0,
        0.0,
        0.0,
        0.0,
        0.0,
        0.0,
        0.0,
        0.006666666666666667,
        0.03,
        0.07666666666666666,
        0.14333333333333334,
        0.3283333333333333,
        0.5033333333333333,
        0.6333333333333333,
        0.7283333333333334,
        0.7733333333333333,
        0.8233333333333334,
        0.8583333333333333,
        0.8616666666666667,
        0.8533333333333334,
        0.86,
        0.8616666666666667,
        0.8516666666666667,
        0.85,
        0.84,
        0.6616666666666666
      ]
    },