{
  "config": {
    "n_rbf_grid": [
      5,
      10,
      20,
      50,
      100,
      200,
      400,
      800,
      1600,
      3200,
      6400
    ],
    "seed": 1,
    "lambda_rbf": 0.001,
    "lambda_poly_ref": 1.0,
    "gamma": 1.0,
    "n_knn": 5,
    "n_init": 1,
    "n_ic": 8,
    "ic_rng_seed": 0,
    "dt": 0.005,
    "T": 50.0,
    "X_std_climate": 8.50804243201799,
    "lyapunov_l63": 0.906,
    "horizon_frac": 0.5
  },
  "poly_only_reference": {
    "rel_err_alpha_dot": 8.398214305988053e-05,
    "horizons": [
      9.43,
      8.505,
      8.745000000000001,
      9.545,
      7.925,
      9.01,
      7.065,
      7.165
    ],
    "horizon_median": 8.625
  },
  "per_n_rbf": [
    {
      "n_rbf": 5,
      "rel_err_alpha_dot": 0.537136057436793,
      "horizons": [
        0.185,
        0.47000000000000003,
        0.23500000000000001,
        0.28,
        0.17,
        0.32,
        0.41000000000000003,
        0.16
      ],
      "horizon_median": 0.2575,
      "horizon_min": 0.16,
      "horizon_max": 0.47000000000000003,
      "finite_at_T": [
        true,
        true,
        true,
        true,
        true,
        true,
        true,
        true
      ],
      "n_finite_at_T": 8,
      "n_pred": [
        10001,
        10001,
        10001,
        10001,
        10001,
        10001,
        10001,
        10001
      ],
      "w1": [
        4.167397663829002,
        5.453189220693089,
        99.60913612249713
      ],
      "n_tail_pooled": 64008,
      "t_fit_seconds": 2.395042657852173,
      "t_total_seconds": 9.416829824447632
    },
    {
      "n_rbf": 10,
      "rel_err_alpha_dot": 0.19246610261076813,
      "horizons": [
        0.28500000000000003,
        0.685,
        1.155,
        0.47000000000000003,
        0.17500000000000002,
        1.1300000000000001,
        0.705,
        0.525
      ],
      "horizon_median": 0.605,
      "horizon_min": 0.17500000000000002,
      "horizon_max": 1.155,
      "finite_at_T": [
        true,
        true,
        true,
        true,
        true,
        true,
        true,
        true
      ],
      "n_finite_at_T": 8,
      "n_pred": [
        10001,
        10001,
        10001,
        10001,
        10001,
        10001,
        10001,
        10001
      ],
      "w1": [
        4.413756191805533,
        6.0744467047078095,
        8.68457507362609
      ],
      "n_tail_pooled": 64008,
      "t_fit_seconds": 3.098276138305664,
      "t_total_seconds": 10.230682134628296
    },
    {
      "n_rbf": 20,
      "rel_err_alpha_dot": 0.17266595454584194,
      "horizons": [
        1.8,
        2.475,
        1.155,
        0.5750000000000001,
        0.965,
        0.755,
        0.8300000000000001,
        1.71
      ],
      "horizon_median": 1.06,
      "horizon_min": 0.5750000000000001,
      "horizon_max": 2.475,
      "finite_at_T": [
        true,
        true,
        true,
        true,
        true,
        true,
        true,
        true
      ],
      "n_finite_at_T": 8,
      "n_pred": [
        10001,
        10001,
        10001,
        10001,
        10001,
        10001,
        10001,
        10001
      ],
      "w1": [
        1.1304055748433461,
        1.0421293658949462,
        0.2604633854068293
      ],
      "n_tail_pooled": 64008,
      "t_fit_seconds": 8.68715763092041,
      "t_total_seconds": 15.916523218154907
    },
    {
      "n_rbf": 50,
      "rel_err_alpha_dot": 0.13834641969426942,
      "horizons": [
        1.885,
        1.5050000000000001,
        1.135,
        1.315,
        1.075,
        1.3900000000000001,
        1.455,
        1.62
      ],
      "horizon_median": 1.4225,
      "horizon_min": 1.075,
      "horizon_max": 1.885,
      "finite_at_T": [
        true,
        true,
        true,
        true,
        true,
        true,
        true,
        true
      ],
      "n_finite_at_T": 8,
      "n_pred": [
        10001,
        10001,
        10001,
        10001,
        10001,
        10001,
        10001,
        10001
      ],
      "w1": [
        5.1657787793994006,
        4.205072162626022,
        5.699856971438875
      ],
      "n_tail_pooled": 64008,
      "t_fit_seconds": 19.71889066696167,
      "t_total_seconds": 27.579487800598145
    },
    {
      "n_rbf": 100,
      "rel_err_alpha_dot": 0.07961270906076089,
      "horizons": [
        2.595,
        2.355,
        3.415,
        1.885,
        2.0300000000000002,
        2.14,
        2.4050000000000002,
        3.125
      ],
      "horizon_median": 2.38,
      "horizon_min": 1.885,
      "horizon_max": 3.415,
      "finite_at_T": [
        true,
        true,
        true,
        true,
        true,
        true,
        true,
        true
      ],
      "n_finite_at_T": 8,
      "n_pred": [
        10001,
        10001,
        10001,
        10001,
        10001,
        10001,
        10001,
        10001
      ],
      "w1": [
        0.6004379940469192,
        0.5884835337620131,
        0.08508805806104847
      ],
      "n_tail_pooled": 64008,
      "t_fit_seconds": 26.02028489112854,
      "t_total_seconds": 36.14545965194702
    },
    {
      "n_rbf": 200,
      "rel_err_alpha_dot": 0.04626494213750913,
      "horizons": [
        1.85,
        3.88,
        3.39,
        5.07,
        1.935,
        3.685,
        4.03,
        3.225
      ],
      "horizon_median": 3.5375,
      "horizon_min": 1.85,
      "horizon_max": 5.07,
      "finite_at_T": [
        true,
        true,
        true,
        true,
        true,
        true,
        true,
        true
      ],
      "n_finite_at_T": 8,
      "n_pred": [
        10001,
        10001,
        10001,
        10001,
        10001,
        10001,
        10001,
        10001
      ],
      "w1": [
        0.3815626467149187,
        0.3698211450134015,
        0.19342115178188649
      ],
      "n_tail_pooled": 64008,
      "t_fit_seconds": 40.6226863861084,
      "t_total_seconds": 54.041943311691284
    },
    {
      "n_rbf": 400,
      "rel_err_alpha_dot": 0.022899613333331504,
      "horizons": [
        4.775,
        3.9250000000000003,
        3.6,
        4.275,
        2.145,
        3.71,
        4.045,
        3.2
      ],
      "horizon_median": 3.8175,
      "horizon_min": 2.145,
      "horizon_max": 4.775,
      "finite_at_T": [
        true,
        true,
        true,
        true,
        true,
        true,
        true,
        true
      ],
      "n_finite_at_T": 8,
      "n_pred": [
        10001,
        10001,
        10001,
        10001,
        10001,
        10001,
        10001,
        10001
      ],
      "w1": [
        0.7023579856360707,
        0.6468126870442564,
        0.4121633147118825
      ],
      "n_tail_pooled": 64008,
      "t_fit_seconds": 49.27240252494812,
      "t_total_seconds": 64.5137267112732
    },
    {
      "n_rbf": 800,
      "rel_err_alpha_dot": 0.013325038411718178,
      "horizons": [
        6.44,
        4.76,
        3.65,
        7.285,
        6.86,
        5.18,
        3.98,
        7.1450000000000005
      ],
      "horizon_median": 5.8100000000000005,
      "horizon_min": 3.65,
      "horizon_max": 7.285,
      "finite_at_T": [
        true,
        true,
        true,
        true,
        true,
        true,
        true,
        true
      ],
      "n_finite_at_T": 8,
      "n_pred": [
        10001,
        10001,
        10001,
        10001,
        10001,
        10001,
        10001,
        10001
      ],
      "w1": [
        0.13645714532493236,
        0.12648367767766353,
        0.07130952191622755
      ],
      "n_tail_pooled": 64008,
      "t_fit_seconds": 73.25492858886719,
      "t_total_seconds": 95.18110585212708
    },
    {
      "n_rbf": 1600,
      "rel_err_alpha_dot": 0.006862791233641785,
      "horizons": [
        3.41,
        4.705,
        3.6,
        5.23,
        6.235,
        5.245,
        3.9450000000000003,
        4.68
      ],