{
  "config": {
    "n_rbf": 1600,
    "seed": 1,
    "lambda_rbf": 0.001,
    "lambda_poly": 1.0,
    "gamma": 1.0,
    "n_knn": 5,
    "n_init": 1,
    "n_cloud": 10000,
    "shell_scales": [
      1.1,
      1.2,
      1.5,
      2.0,
      3.0,
      5.0
    ],
    "rng_seed": 0,
    "rel_err_poly": 8.398214305988048e-05,
    "rel_err_rbf": 0.006862791233641787,
    "mu_phys": [
      -0.1183482409567854,
      -0.12066602277090187,
      23.57930580412077
    ]
  },
  "cloud": {
    "truth": {
      "mean": 94.62785893766366,
      "median": 75.5689800709005,
      "p10": 43.06046797406884,
      "p90": 177.22130680530375,
      "max": 369.6092816160918,
      "min": 15.323884957687932
    },
    "poly": {
      "mean": 94.62537738566267,
      "median": 75.56695925442645,
      "p10": 43.05925441997988,
      "p90": 177.2165958371422,
      "max": 369.5973136756095,
      "min": 15.32339147489893
    },
    "rbf": {
      "mean": 94.62737579368363,
      "median": 75.5384391552416,
      "p10": 43.02384517604911,
      "p90": 177.2003760173352,
      "max": 371.84601791612647,
      "min": 15.367312165777923
    }
  },
  "per_scale": [
    {
      "scale": 1.1,
      "truth": {
        "mean": 110.48863077389788,
        "median": 85.12427273176986,
        "p10": 42.96858028762924,
        "p90": 220.21228923280358,
        "max": 461.77398629403746,
        "min": 11.797870995598286
      },
      "poly": {
        "mean": 110.48569625442377,
        "median": 85.12218857877502,
        "p10": 42.96751635875495,
        "p90": 220.20748448302882,
        "max": 461.75895861562014,
        "min": 11.797493483144736
      },
      "rbf": {
        "mean": 106.97369269550326,
        "median": 83.05351844257007,
        "p10": 41.81199768839866,
        "p90": 214.40057236489204,
        "max": 382.2336455376775,
        "min": 11.217035859275953
      },
      "truth_over_cloud_median": 1.1264446423903616,
      "poly_over_cloud_median": 1.1264471856301252,
      "rbf_over_cloud_median": 1.0994868224889314
    },
    {
      "scale": 1.2,
      "truth": {
        "mean": 128.5420836613264,
        "median": 95.29662917919542,
        "p10": 43.0357561234827,
        "p90": 268.39215084791704,
        "max": 563.1634775248057,
        "min": 8.769192658600923
      },
      "poly": {
        "mean": 128.5386229393629,
        "median": 95.29401398885935,
        "p10": 43.034461932844486,
        "p90": 268.38358411201966,
        "max": 563.1450897470382,
        "min": 8.768910006898896
      },
      "rbf": {
        "mean": 115.31202614308032,
        "median": 88.25844262044498,
        "p10": 39.85076053843278,
        "p90": 243.78407290017608,
        "max": 375.9366680771878,
        "min": 3.0214234976862726
      },
      "truth_over_cloud_median": 1.2610548546478464,
      "poly_over_cloud_median": 1.2610539702677974,
      "rbf_over_cloud_median": 1.1683911344668119
    },
    {
      "scale": 1.5,
      "truth": {
        "mean": 195.25903309848985,
        "median": 131.82601351796663,
        "p10": 44.72049281347795,
        "p90": 444.9249698324333,
        "max": 932.9284640337086,
        "min": 1.8339667827455144
      },
      "poly": {
        "mean": 195.2535764217066,
        "median": 131.8238317297859,
        "p10": 44.719636880596234,
        "p90": 444.91129090010963,
        "max": 932.8979875493166,
        "min": 1.8339458536535689
      },
      "rbf": {
        "mean": 103.5310934832022,
        "median": 74.01694610305412,
        "p10": 22.205860847927585,
        "p90": 243.25311112009135,
        "max": 348.48192040856014,
        "min": 2.716836069198583e-05
      },
      "truth_over_cloud_median": 1.744446112601818,
      "poly_over_cloud_median": 1.7444638904411667,
      "rbf_over_cloud_median": 0.9798580289822959
    },
    {
      "scale": 2.0,
      "truth": {
        "mean": 346.43904798695127,
        "median": 218.91421688895431,
        "p10": 51.16822190622464,
        "p90": 837.4686207165129,
        "max": 1742.753635280199,
        "min": 1.7033722437834486
      },
      "poly": {
        "mean": 346.4289381866729,
        "median": 218.90766119650374,
        "p10": 51.16668067755931,
        "p90": 837.4478411682942,
        "max": 1742.6965766863518,
        "min": 1.7033423562911243
      },
      "rbf": {
        "mean": 48.82712668304582,
        "median": 21.37602924893376,
        "p10": 7.572731096685759e-05,
        "p90": 149.39177345558227,
        "max": 287.6909669748631,
        "min": 1.929523826774463e-25
      },
      "truth_over_cloud_median": 2.896879337044964,
      "poly_over_cloud_median": 2.896870052154188,
      "rbf_over_cloud_median": 0.28298214111894954
    },
    {
      "scale": 3.0,
      "truth": {
        "mean": 791.4198612648252,
        "median": 482.21392736653064,
        "p10": 76.05589008128565,
        "p90": 1981.3838828716976,
        "max": 4084.8791905783132,
        "min": 7.493864369445734
      },
      "poly": {
        "mean": 791.3957223189699,
        "median": 482.20148054004414,
        "p10": 76.05268121564515,
        "p90": 1981.3220951229857,
        "max": 4084.7452322003614,
        "min": 7.493665482916235
      },
      "rbf": {
        "mean": 16.082195875622176,
        "median": 0.0003227064555275962,
        "p10": 1.0927738961864904e-31,
        "p90": 63.379539048359085,
        "max": 263.78602511807173,
        "min": 5.202359605097512e-106
      },
      "truth_over_cloud_median": 6.381109377341163,
      "poly_over_cloud_median": 6.381115308828553,
      "rbf_over_cloud_median": 4.272082652706012e-06
    },
    {
      "scale": 5.0,
      "truth": {
        "mean": 2233.5758179022455,
        "median": 1327.1324370903244,
        "p10": 159.98415819661872,
        "p90": 5687.717040464948,
        "max": 11658.800746564717,
        "min": 31.45411933683019
      },
      "poly": {
        "mean": 2233.5054021913465,
        "median": 1327.0896112032947,
        "p10": 159.97900089361045,
        "p90": 5687.5320732286045,
        "max": 11658.418032652697,
        "min": 31.453559788861316
      },
      "rbf": {
        "mean": 3.3486103466443207,
        "median": 2.902020274423267e-38,
        "p10": 4.124698479276319e-144,
        "p90": 1.7487607963019485,
        "max": 295.4160766543783,
        "min": 0.0
      },
      "truth_over_cloud_median": 17.56186779079431,
      "poly_over_cloud_median": 17.5617707037161,
      "rbf_over_cloud_median": 3.841779505741742e-40
    }
  ],
  "verdict": "RBF shell/cloud crosses 0.1 at shell scale = 3. Trajectories that wander past ~3x the attractor radius enter the dead zone."
}