{
  "n_rbf_axis": [
    20,
    50,
    100,
    200,
    400,
    800,
    1600
  ],
  "seeds": [
    0,
    1,
    2,
    3,
    4
  ],
  "lambda_rbf": 0.001,
  "gamma": 1.0,
  "n_knn": 5,
  "n_init": 1,
  "n_total_fits": 35,
  "rel_err_median_per_nrbf": [
    0.13375921246727265,
    0.13834641969426942,
    0.08357436144934145,
    0.05396561275576558,
    0.025619284814558746,
    0.013325038411718178,
    0.00700200423312081
  ],
  "rel_err_min_per_nrbf": [
    0.12929304442947145,
    0.13032014560236355,
    0.07900580854404426,
    0.04549960116500442,
    0.02156531281940635,
    0.012652903419628048,
    0.006862791233641785
  ],
  "rel_err_max_per_nrbf": [
    0.17266595454584194,
    0.14817353761717436,
    0.0879667850790103,
    0.058881695420809683,
    0.030242891547924734,
    0.015373304439377301,
    0.008023131050417503
  ],
  "rel_err_std_per_nrbf": [
    0.01575098693683646,
    0.007280759822717725,
    0.0032569619473077666,
    0.005501360482409069,
    0.0032447539988567616,
    0.0010890556278889073,
    0.00042380374593550726
  ],
  "nnz_median_per_nrbf": [
    20,
    50,
    100,
    200,
    400,
    800,
    1600
  ],
  "cond_gram_median_per_nrbf": [
    322.7592370406748,
    226.98584742187805,
    465.8891724757522,
    706.9464786146858,
    1014.4185521985769,
    1614.3117866684267,
    2839.4376653713357
  ]
}