{
  "dataset": "LOR63",
  "T_max": 50.0,
  "n_ic": 8,
  "ic_rng_seed": 7,
  "ic_indices": [
    34904,
    37513,
    10134,
    40371,
    26021,
    28125,
    30784,
    42514
  ],
  "d_grid": [
    0.5,
    1.0,
    2.0,
    3.0
  ],
  "tau_grid": [
    0.1,
    0.3
  ],
  "n_shell": 256,
  "shell_seed": 11,
  "X_std_climate": 8.50804243201799,
  "cells": [
    {
      "K": 1,
      "n_per_cluster": 25,
      "total_rbf": 25,
      "rel_err": 0.22396527753153925,
      "nnz": 25,
      "kappa_phi": 625.0203021213377,
      "t_ph_mean": 0.6862499999998635,
      "t_ph_min": 0.33999999999993236,
      "finite_at_T": 8,
      "n_ic": 8,
      "w1_x": 7.246081804870956,
      "w1_y": 7.803744201450878,
      "w1_z": 6.816925269566663,
      "dead_zone": {
        "d0.5_tau0.1": 0.0,
        "d0.5_tau0.3": 0.0,
        "d1_tau0.1": 0.0,
        "d1_tau0.3": 0.0,
        "d2_tau0.1": 0.1953125,
        "d2_tau0.3": 0.46875,
        "d3_tau0.1": 0.78125,
        "d3_tau0.3": 0.953125
      },
      "elapsed_s": 4.21588397026062,
      "fit_path": "fit_K1_n25.npz",
      "roll_path": "roll_K1_n25.npz"
    },
    {
      "K": 1,
      "n_per_cluster": 50,
      "total_rbf": 50,
      "rel_err": 0.06110562234408807,
      "nnz": 50,
      "kappa_phi": 32284.153119976178,
      "t_ph_mean": 1.1924999999997627,
      "t_ph_min": 0.5399999999998926,
      "finite_at_T": 8,
      "n_ic": 8,
      "w1_x": 2.1879515184657308,
      "w1_y": 2.470426305239095,
      "w1_z": 3.3131426842706184,
      "dead_zone": {
        "d0.5_tau0.1": 0.0,
        "d0.5_tau0.3": 0.0,
        "d1_tau0.1": 0.0,
        "d1_tau0.3": 0.0,
        "d2_tau0.1": 0.171875,
        "d2_tau0.3": 0.4453125,
        "d3_tau0.1": 0.70703125,
        "d3_tau0.3": 0.91015625
      },
      "elapsed_s": 5.6974053382873535,
      "fit_path": "fit_K1_n50.npz",
      "roll_path": "roll_K1_n50.npz"
    },
    {
      "K": 1,
      "n_per_cluster": 100,
      "total_rbf": 100,
      "rel_err": 0.014262459495129344,
      "nnz": 100,
      "kappa_phi": 27100628.14061238,
      "t_ph_mean": 3.563749999999291,
      "t_ph_min": 1.999999999999602,
      "finite_at_T": 8,
      "n_ic": 8,
      "w1_x": 0.7306893282756448,
      "w1_y": 0.7392325753854078,
      "w1_z": 0.05177406668290089,
      "dead_zone": {
        "d0.5_tau0.1": 0.0,
        "d0.5_tau0.3": 0.0,
        "d1_tau0.1": 0.0,
        "d1_tau0.3": 0.0,
        "d2_tau0.1": 0.12890625,
        "d2_tau0.3": 0.4296875,
        "d3_tau0.1": 0.66015625,
        "d3_tau0.3": 0.87109375
      },
      "elapsed_s": 6.180696964263916,
      "fit_path": "fit_K1_n100.npz",
      "roll_path": "roll_K1_n100.npz"
    },
    {
      "K": 1,
      "n_per_cluster": 200,
      "total_rbf": 200,
      "rel_err": 0.00791000230793408,
      "nnz": 200,
      "kappa_phi": 205544333852.75754,
      "t_ph_mean": 3.306249999999342,
      "t_ph_min": 1.979999999999606,
      "finite_at_T": 8,
      "n_ic": 8,
      "w1_x": 0.07989832859790268,
      "w1_y": 0.07942396608055965,
      "w1_z": 0.12800286899126578,
      "dead_zone": {
        "d0.5_tau0.1": 0.0,
        "d0.5_tau0.3": 0.0,
        "d1_tau0.1": 0.0,
        "d1_tau0.3": 0.0,
        "d2_tau0.1": 0.14453125,
        "d2_tau0.3": 0.45703125,
        "d3_tau0.1": 0.59765625,
        "d3_tau0.3": 0.85546875
      },
      "elapsed_s": 7.889438629150391,
      "fit_path": "fit_K1_n200.npz",
      "roll_path": "roll_K1_n200.npz"
    },
    {
      "K": 1,
      "n_per_cluster": 400,
      "total_rbf": 400,
      "rel_err": 0.003930053179881398,
      "nnz": 400,
      "kappa_phi": 2.7167149470136268e+16,
      "t_ph_mean": 4.951249999999015,
      "t_ph_min": 2.049999999999592,
      "finite_at_T": 8,
      "n_ic": 8,
      "w1_x": 0.13586079295792494,
      "w1_y": 0.15527359852677725,
      "w1_z": 0.05823818528629855,
      "dead_zone": {
        "d0.5_tau0.1": 0.0,
        "d0.5_tau0.3": 0.0,
        "d1_tau0.1": 0.0,
        "d1_tau0.3": 0.0,
        "d2_tau0.1": 0.12109375,
        "d2_tau0.3": 0.33984375,
        "d3_tau0.1": 0.48828125,
        "d3_tau0.3": 0.76953125
      },
      "elapsed_s": 10.532127380371094,
      "fit_path": "fit_K1_n400.npz",
      "roll_path": "roll_K1_n400.npz"
    },
    {
      "K": 1,
      "n_per_cluster": 800,
      "total_rbf": 800,
      "rel_err": 0.002720572850723334,
      "nnz": 800,
      "kappa_phi": 1.117842697705895e+17,
      "t_ph_mean": 5.108749999998984,
      "t_ph_min": 2.1599999999995703,
      "finite_at_T": 8,
      "n_ic": 8,
      "w1_x": 0.21929372122258556,
      "w1_y": 0.2364596631035627,
      "w1_z": 0.10883424032428675,
      "dead_zone": {
        "d0.5_tau0.1": 0.0,
        "d0.5_tau0.3": 0.0,
        "d1_tau0.1": 0.0,
        "d1_tau0.3": 0.0,
        "d2_tau0.1": 0.08984375,
        "d2_tau0.3": 0.3515625,
        "d3_tau0.1": 0.48828125,
        "d3_tau0.3": 0.73046875
      },
      "elapsed_s": 17.00582766532898,
      "fit_path": "fit_K1_n800.npz",
      "roll_path": "roll_K1_n800.npz"
    },
    {
      "K": 2,
      "n_per_cluster": 25,
      "total_rbf": 50,
      "rel_err": 0.06155844396277387,
      "nnz": 50,
      "kappa_phi": 136.45376963403604,
      "t_ph_mean": 1.0224999999997966,
      "t_ph_min": 0.3599999999999284,
      "finite_at_T": 8,
      "n_ic": 8,
      "w1_x": 1.0949037398494588,
      "w1_y": 1.1824428256513826,
      "w1_z": 0.6775991633069857,
      "dead_zone": {
        "d0.5_tau0.1": 0.0703125,
        "d0.5_tau0.3": 0.23828125,
        "d1_tau0.1": 0.208984375,
        "d1_tau0.3": 0.46875,
        "d2_tau0.1": 0.609375,
        "d2_tau0.3": 0.771484375,
        "d3_tau0.1": 0.8359375,
        "d3_tau0.3": 0.9296875
      },
      "elapsed_s": 52.49046087265015,
      "fit_path": "fit_K2_n25.npz",
      "roll_path": "roll_K2_n25.npz"
    },
    {
      "K": 2,
      "n_per_cluster": 50,
      "total_rbf": 100,
      "rel_err": 0.015553994586222641,
      "nnz": 100,
      "kappa_phi": 9024.657356908583,
      "t_ph_mean": 2.5862499999994855,
      "t_ph_min": 0.5099999999998985,
      "finite_at_T": 8,
      "n_ic": 8,
      "w1_x": 0.2798826951962472,
      "w1_y": 0.25255244084822437,
      "w1_z": 0.2791778180844909,
      "dead_zone": {
        "d0.5_tau0.1": 0.037109375,
        "d0.5_tau0.3": 0.19140625,
        "d1_tau0.1": 0.142578125,
        "d1_tau0.3": 0.390625,
        "d2_tau0.1": 0.57421875,
        "d2_tau0.3": 0.7265625,
        "d3_tau0.1": 0.806640625,
        "d3_tau0.3": 0.9140625
      },
      "elapsed_s": 99.03679919242859,
      "fit_path": "fit_K2_n50.npz",
      "roll_path": "roll_K2_n50.npz"
    },
    {
      "K": 2,
      "n_per_cluster": 100,
      "total_rbf": 200,
      "rel_err": 0.004061329942054076,
      "nnz": 200,
      "kappa_phi": 4412548.870413483,
      "t_ph_mean": 4.596249999999086,
      "t_ph_min": 2.10999999999958,
      "finite_at_T": 8,
      "n_ic": 8,
      "w1_x": 0.1390049032024959,
      "w1_y": 0.1342899362208042,
      "w1_z": 0.06430283041409629,
      "dead_zone": {
        "d0.5_tau0.1": 0.0,
        "d0.5_tau0.3": 0.1328125,
        "d1_tau0.1": 0.10546875,
        "d1_tau0.3": 0.33984375,
        "d2_tau0.1": 0.5859375,
        "d2_tau0.3": 0.724609375,
        "d3_tau0.1": 0.82421875,
        "d3_tau0.3": 0.892578125
      },
      "elapsed_s": 214.08978366851807,
      "fit_path": "fit_K2_n100.npz",
      "roll_path": "roll_K2_n100.npz"
    },
    {
      "K": 2,
      "n_per_cluster": 200,
      "total_rbf": 400,
      "rel_err": 0.001979665978618908,
      "nnz": 400,
      "kappa_phi": 17465413867.510246,
      "t_ph_mean": 4.383749999999128,
      "t_ph_min": 2.029999999999596,
      "finite_at_T": 8,
      "n_ic": 8,
      "w1_x": 1.530966586058968,
      "w1_y": 0.7839283321932127,
      "w1_z": 2.3137395845663167,
      "dead_zone": {
        "d0.5_tau0.1": 0.0,
        "d0.5_tau0.3": 0.125,
        "d1_tau0.1": 0.0859375,
        "d1_tau0.3": 0.283203125,
        "d2_tau0.1": 0.509765625,
        "d2_tau0.3": 0.646484375,